feature_id,feature,previous_target,previous_state_reported,release_disposition,code_lead_status,work_block,decision,acceptance_reference,source
F001,App shell extraction,1.24,SHIPPED_MONOLITHIC,SCOPED_1_24,NOT_DELIVERED_BY_CODE_LEAD,D,Extract only touched controller/UI seams; do not refactor App wholesale before a working slice.,RELEASE_CONTRACT.md; CODEX_WORK.md,prepro/features.csv#F001; https://github.com/julian-passebecq/diagramcloud/blob/codex/project-intelligence-1-24/docs/release-1.24/RELEASE_CONTRACT.md
F002,Source mode axis,1.24,MISSING,REQUIRED_1_24,NOT_DELIVERED_BY_CODE_LEAD,DEFERRED,Retain this extension in the roadmap; not part of the 1.24 completion gate.,RELEASE_CONTRACT.md; CODEX_WORK.md,prepro/features.csv#F002; https://github.com/julian-passebecq/diagramcloud/blob/codex/project-intelligence-1-24/docs/release-1.24/RELEASE_CONTRACT.md
F003,Purpose axis,1.24,MISSING,REQUIRED_1_24,NOT_DELIVERED_BY_CODE_LEAD,DEFERRED,Retain this extension in the roadmap; not part of the 1.24 completion gate.,RELEASE_CONTRACT.md; CODEX_WORK.md,prepro/features.csv#F003; https://github.com/julian-passebecq/diagramcloud/blob/codex/project-intelligence-1-24/docs/release-1.24/RELEASE_CONTRACT.md
F004,AI autonomy axis,1.24,MISSING,SCOPED_1_24,NOT_DELIVERED_BY_CODE_LEAD,C,"Off is complete; Assist is copy context/import reviewed proposal. Autonomous is deferred, not an enabled dummy option.",RELEASE_CONTRACT.md; CODEX_WORK.md,prepro/features.csv#F004; https://github.com/julian-passebecq/diagramcloud/blob/codex/project-intelligence-1-24/docs/release-1.24/RELEASE_CONTRACT.md
F005,ProjectBrief v1,1.24,MISSING,REQUIRED_1_24,FOUNDATION_ONLY,B,Strict schema and NEW-candidate compiler are committed; wire form/import and retain existing review path.,RELEASE_CONTRACT.md; CODEX_WORK.md,prepro/features.csv#F005; https://github.com/julian-passebecq/diagramcloud/blob/codex/project-intelligence-1-24/docs/release-1.24/RELEASE_CONTRACT.md
F006,AnalysisProfile v1,1.24,MISSING,REQUIRED_1_24,NOT_DELIVERED_BY_CODE_LEAD,A,Ordinary typed Quick/Standard options with real read/projection budgets; no schema/version explosion.,RELEASE_CONTRACT.md; CODEX_WORK.md,prepro/features.csv#F006; https://github.com/julian-passebecq/diagramcloud/blob/codex/project-intelligence-1-24/docs/release-1.24/RELEASE_CONTRACT.md
F007,AnalysisBundle v1,1.24,MISSING,REQUIRED_1_24,NOT_DELIVERED_BY_CODE_LEAD,A,In-memory generated inventory/facts/gaps; do not introduce another persistent graph database.,RELEASE_CONTRACT.md; CODEX_WORK.md,prepro/features.csv#F007; https://github.com/julian-passebecq/diagramcloud/blob/codex/project-intelligence-1-24/docs/release-1.24/RELEASE_CONTRACT.md
F008,Analysis cache key,1.24,MISSING,REQUIRED_1_24,NOT_DELIVERED_BY_CODE_LEAD,A,Record content/profile/analyzer/scope identity for reproducibility. Persistent cache infrastructure is deferred.,RELEASE_CONTRACT.md; CODEX_WORK.md,prepro/features.csv#F008; https://github.com/julian-passebecq/diagramcloud/blob/codex/project-intelligence-1-24/docs/release-1.24/RELEASE_CONTRACT.md
F009,Capability fingerprint,1.24,MISSING,REQUIRED_1_24,FOUNDATION_ONLY,A,Current readiness derives explicit signals from Project; raw-source capability evidence still needs acquisition integration. No probabilities.,RELEASE_CONTRACT.md; CODEX_WORK.md,prepro/features.csv#F009; https://github.com/julian-passebecq/diagramcloud/blob/codex/project-intelligence-1-24/docs/release-1.24/RELEASE_CONTRACT.md
F010,GapReport v1,1.24,MISSING,REQUIRED_1_24,FOUNDATION_ONLY,A,Purpose-relative report committed; add acquisition diagnostics. Asset gaps remain separate.,RELEASE_CONTRACT.md; CODEX_WORK.md,prepro/features.csv#F010; https://github.com/julian-passebecq/diagramcloud/blob/codex/project-intelligence-1-24/docs/release-1.24/RELEASE_CONTRACT.md
F011,View Recipe registry,1.24,MISSING,REQUIRED_1_24,FOUNDATION_ONLY,A,Small data/function recipe table; no dynamic plugin loader.,RELEASE_CONTRACT.md; CODEX_WORK.md,prepro/features.csv#F011; https://github.com/julian-passebecq/diagramcloud/blob/codex/project-intelligence-1-24/docs/release-1.24/RELEASE_CONTRACT.md
F012,Minimum View Contract,1.24,PARTIAL,REQUIRED_1_24,FOUNDATION_ONLY,A,"Four useful outputs, including table/empty-state. A recommendation alone is not a rendered output.",RELEASE_CONTRACT.md; CODEX_WORK.md,prepro/features.csv#F012; https://github.com/julian-passebecq/diagramcloud/blob/codex/project-intelligence-1-24/docs/release-1.24/RELEASE_CONTRACT.md
F013,Start Wizard,1.24,MISSING,REQUIRED_1_24,NOT_DELIVERED_BY_CODE_LEAD,DEFERRED,Retain this extension in the roadmap; not part of the 1.24 completion gate.,RELEASE_CONTRACT.md; CODEX_WORK.md,prepro/features.csv#F013; https://github.com/julian-passebecq/diagramcloud/blob/codex/project-intelligence-1-24/docs/release-1.24/RELEASE_CONTRACT.md
F014,Project navigator,1.24,MISSING,REQUIRED_1_24,NOT_DELIVERED_BY_CODE_LEAD,DEFERRED,Retain this extension in the roadmap; not part of the 1.24 completion gate.,RELEASE_CONTRACT.md; CODEX_WORK.md,prepro/features.csv#F014; https://github.com/julian-passebecq/diagramcloud/blob/codex/project-intelligence-1-24/docs/release-1.24/RELEASE_CONTRACT.md
F015,Repository navigator,1.24,PARTIAL,REQUIRED_1_24,NOT_DELIVERED_BY_CODE_LEAD,DEFERRED,Retain this extension in the roadmap; not part of the 1.24 completion gate.,RELEASE_CONTRACT.md; CODEX_WORK.md,prepro/features.csv#F015; https://github.com/julian-passebecq/diagramcloud/blob/codex/project-intelligence-1-24/docs/release-1.24/RELEASE_CONTRACT.md
F016,Views navigator,1.24,PARTIAL,REQUIRED_1_24,NOT_DELIVERED_BY_CODE_LEAD,DEFERRED,Retain this extension in the roadmap; not part of the 1.24 completion gate.,RELEASE_CONTRACT.md; CODEX_WORK.md,prepro/features.csv#F016; https://github.com/julian-passebecq/diagramcloud/blob/codex/project-intelligence-1-24/docs/release-1.24/RELEASE_CONTRACT.md
F017,Context panel,1.24,PARTIAL_INSPECTOR,REQUIRED_1_24,NOT_DELIVERED_BY_CODE_LEAD,DEFERRED,Retain this extension in the roadmap; not part of the 1.24 completion gate.,RELEASE_CONTRACT.md; CODEX_WORK.md,prepro/features.csv#F017; https://github.com/julian-passebecq/diagramcloud/blob/codex/project-intelligence-1-24/docs/release-1.24/RELEASE_CONTRACT.md
F018,Logical-physical combined view,1.24,MISSING,SCOPED_1_24,NOT_DELIVERED_BY_CODE_LEAD,B,Explicit logical-to-repository bindings in tree/inspector; no mandatory large two-graph visualization.,RELEASE_CONTRACT.md; CODEX_WORK.md,prepro/features.csv#F018; https://github.com/julian-passebecq/diagramcloud/blob/codex/project-intelligence-1-24/docs/release-1.24/RELEASE_CONTRACT.md
F019,Existing Project model,keep,SHIPPED,PRESERVE_EXISTING,PRESERVE_BASELINE,D,Preserve existing behavior and qualify through the existing final CI; no rewrite.,RELEASE_CONTRACT.md; CODEX_WORK.md,prepro/features.csv#F019; https://github.com/julian-passebecq/diagramcloud/blob/codex/project-intelligence-1-24/docs/release-1.24/RELEASE_CONTRACT.md
F020,Existing ViewSpec,keep,SHIPPED,PRESERVE_EXISTING,PRESERVE_BASELINE,D,Preserve existing behavior and qualify through the existing final CI; no rewrite.,RELEASE_CONTRACT.md; CODEX_WORK.md,prepro/features.csv#F020; https://github.com/julian-passebecq/diagramcloud/blob/codex/project-intelligence-1-24/docs/release-1.24/RELEASE_CONTRACT.md
F021,Existing repository scanner,keep,SHIPPED,PRESERVE_EXISTING,PRESERVE_BASELINE,D,Preserve existing behavior and qualify through the existing final CI; no rewrite.,RELEASE_CONTRACT.md; CODEX_WORK.md,prepro/features.csv#F021; https://github.com/julian-passebecq/diagramcloud/blob/codex/project-intelligence-1-24/docs/release-1.24/RELEASE_CONTRACT.md
F022,Docs/knowledge v1,1.24,MISSING,REQUIRED_1_24,FOUNDATION_ONLY,B,Markdown/CSV exact links committed; wire an authorized metadata-first reader and bounded views. Prose/PDF extraction deferred.,RELEASE_CONTRACT.md; CODEX_WORK.md,prepro/features.csv#F022; https://github.com/julian-passebecq/diagramcloud/blob/codex/project-intelligence-1-24/docs/release-1.24/RELEASE_CONTRACT.md
F023,dbt manifest adapter,1.24,MISSING,DEFER_1_24X,DEFERRED_NOT_IMPLEMENTED,B,Prefer structured dbt artifacts in a follow-up; not a reason to delay the standalone 1.24.,RELEASE_CONTRACT.md; CODEX_WORK.md,prepro/features.csv#F023; https://github.com/julian-passebecq/diagramcloud/blob/codex/project-intelligence-1-24/docs/release-1.24/RELEASE_CONTRACT.md
F024,Databricks bundle adapter,1.24,MISSING,DEFER_1_24X,DEFERRED_NOT_IMPLEMENTED,B,Databricks targets/jobs/pipelines adapter follows 1.24 through the same pure input/diagnostic seam.,RELEASE_CONTRACT.md; CODEX_WORK.md,prepro/features.csv#F024; https://github.com/julian-passebecq/diagramcloud/blob/codex/project-intelligence-1-24/docs/release-1.24/RELEASE_CONTRACT.md
F025,Fabric/PBIP/TMDL adapter,1.24.x,MISSING,DEFER_1_24X,DEFERRED_NOT_IMPLEMENTED,B,Fabric/PBIP/TMDL stays documented; no fake detection from names or a required cloud workspace.,RELEASE_CONTRACT.md; CODEX_WORK.md,prepro/features.csv#F025; https://github.com/julian-passebecq/diagramcloud/blob/codex/project-intelligence-1-24/docs/release-1.24/RELEASE_CONTRACT.md
F026,OpenAPI adapter,1.24,MISSING,DEFER_1_24X,DEFERRED_NOT_IMPLEMENTED,B,OpenAPI adapter deferred; a complete new parser is not a 1.24 gate.,RELEASE_CONTRACT.md; CODEX_WORK.md,prepro/features.csv#F026; https://github.com/julian-passebecq/diagramcloud/blob/codex/project-intelligence-1-24/docs/release-1.24/RELEASE_CONTRACT.md
F027,.NET analyzer,1.25,MISSING,DEFER_1_25,DEFERRED_NOT_IMPLEMENTED,DEFERRED,Retain this extension in the roadmap; not part of the 1.24 completion gate.,RELEASE_CONTRACT.md; CODEX_WORK.md,prepro/features.csv#F027; https://github.com/julian-passebecq/diagramcloud/blob/codex/project-intelligence-1-24/docs/release-1.24/RELEASE_CONTRACT.md
F028,Azure analyzer,1.25,MISSING,DEFER_1_25,DEFERRED_NOT_IMPLEMENTED,DEFERRED,Retain this extension in the roadmap; not part of the 1.24 completion gate.,RELEASE_CONTRACT.md; CODEX_WORK.md,prepro/features.csv#F028; https://github.com/julian-passebecq/diagramcloud/blob/codex/project-intelligence-1-24/docs/release-1.24/RELEASE_CONTRACT.md
F029,Helm/Kustomize,later,MISSING,DEFER_AGENTIC_OR_LATER,DEFERRED_NOT_IMPLEMENTED,DEFERRED,Retain this extension in the roadmap; not part of the 1.24 completion gate.,RELEASE_CONTRACT.md; CODEX_WORK.md,prepro/features.csv#F029; https://github.com/julian-passebecq/diagramcloud/blob/codex/project-intelligence-1-24/docs/release-1.24/RELEASE_CONTRACT.md
F030,Tree-sitter deep graph,later,MISSING,DEFER_AGENTIC_OR_LATER,DEFERRED_NOT_IMPLEMENTED,DEFERRED,Retain this extension in the roadmap; not part of the 1.24 completion gate.,RELEASE_CONTRACT.md; CODEX_WORK.md,prepro/features.csv#F030; https://github.com/julian-passebecq/diagramcloud/blob/codex/project-intelligence-1-24/docs/release-1.24/RELEASE_CONTRACT.md
F031,Existing Project Atlas,keep,SHIPPED,PRESERVE_EXISTING,PRESERVE_BASELINE,D,Preserve existing behavior and qualify through the existing final CI; no rewrite.,RELEASE_CONTRACT.md; CODEX_WORK.md,prepro/features.csv#F031; https://github.com/julian-passebecq/diagramcloud/blob/codex/project-intelligence-1-24/docs/release-1.24/RELEASE_CONTRACT.md
F032,Hybrid reconciliation,1.24,MISSING,REQUIRED_1_24,NOT_DELIVERED_BY_CODE_LEAD,B,"Explicit mapping, revision-guarded re-import, preservation of manual edits, partial member reporting.",RELEASE_CONTRACT.md; CODEX_WORK.md,prepro/features.csv#F032; https://github.com/julian-passebecq/diagramcloud/blob/codex/project-intelligence-1-24/docs/release-1.24/RELEASE_CONTRACT.md
F033,Cross-repo resolver,1.24,MISSING,SCOPED_1_24,NOT_DELIVERED_BY_CODE_LEAD,B,Only exact authored repo IDs/declared relationships in 1.24. No heuristic joins by shared provider or basename.,RELEASE_CONTRACT.md; CODEX_WORK.md,prepro/features.csv#F033; https://github.com/julian-passebecq/diagramcloud/blob/codex/project-intelligence-1-24/docs/release-1.24/RELEASE_CONTRACT.md
F034,Collection v1,1.25,MISSING,DEFER_1_25,DEFERRED_NOT_IMPLEMENTED,DEFERRED,Retain this extension in the roadmap; not part of the 1.24 completion gate.,RELEASE_CONTRACT.md; CODEX_WORK.md,prepro/features.csv#F034; https://github.com/julian-passebecq/diagramcloud/blob/codex/project-intelligence-1-24/docs/release-1.24/RELEASE_CONTRACT.md
F035,Document lexical/source layer,1.24,MISSING,REQUIRED_1_24,FOUNDATION_ONLY,B,Exact source line ranges and partial-scope limitations; generated docs map is private context.,RELEASE_CONTRACT.md; CODEX_WORK.md,prepro/features.csv#F035; https://github.com/julian-passebecq/diagramcloud/blob/codex/project-intelligence-1-24/docs/release-1.24/RELEASE_CONTRACT.md
F036,Agent entity extraction,1.26,MISSING,DEFER_AGENTIC_OR_LATER,DEFERRED_NOT_IMPLEMENTED,DEFERRED,Retain this extension in the roadmap; not part of the 1.24 completion gate.,RELEASE_CONTRACT.md; CODEX_WORK.md,prepro/features.csv#F036; https://github.com/julian-passebecq/diagramcloud/blob/codex/project-intelligence-1-24/docs/release-1.24/RELEASE_CONTRACT.md
F037,Classic engineering profile,1.24,SHIPPED_PARTIAL,SCOPED_1_24,NOT_DELIVERED_BY_CODE_LEAD,C,Reuse existing engineering renderer; only fix defects exposed by the new input slice.,RELEASE_CONTRACT.md; CODEX_WORK.md,prepro/features.csv#F037; https://github.com/julian-passebecq/diagramcloud/blob/codex/project-intelligence-1-24/docs/release-1.24/RELEASE_CONTRACT.md
F038,Editorial profile,keep,SHIPPED,PRESERVE_EXISTING,PRESERVE_BASELINE,D,Preserve existing behavior and qualify through the existing final CI; no rewrite.,RELEASE_CONTRACT.md; CODEX_WORK.md,prepro/features.csv#F038; https://github.com/julian-passebecq/diagramcloud/blob/codex/project-intelligence-1-24/docs/release-1.24/RELEASE_CONTRACT.md
F039,Blueprint profile,keep,SHIPPED,PRESERVE_EXISTING,PRESERVE_BASELINE,D,Preserve existing behavior and qualify through the existing final CI; no rewrite.,RELEASE_CONTRACT.md; CODEX_WORK.md,prepro/features.csv#F039; https://github.com/julian-passebecq/diagramcloud/blob/codex/project-intelligence-1-24/docs/release-1.24/RELEASE_CONTRACT.md
F040,Business profile,1.24,MISSING,REQUIRED_1_24,NOT_DELIVERED_BY_CODE_LEAD,C,"One business overview through existing experience/export grammar, not a new dashboard system.",RELEASE_CONTRACT.md; CODEX_WORK.md,prepro/features.csv#F040; https://github.com/julian-passebecq/diagramcloud/blob/codex/project-intelligence-1-24/docs/release-1.24/RELEASE_CONTRACT.md
F041,Project Overview sheet,1.24,MISSING,REQUIRED_1_24,NOT_DELIVERED_BY_CODE_LEAD,C,"Purpose, small scope/steps, supplied owners/contribution, evidence/caveats; no invented metrics.",RELEASE_CONTRACT.md; CODEX_WORK.md,prepro/features.csv#F041; https://github.com/julian-passebecq/diagramcloud/blob/codex/project-intelligence-1-24/docs/release-1.24/RELEASE_CONTRACT.md
F042,How It Works sheet,1.24,MISSING,DEFER_1_24X,DEFERRED_NOT_IMPLEMENTED,C,Use existing step items within the overview as useful; dedicated template family is deferred.,RELEASE_CONTRACT.md; CODEX_WORK.md,prepro/features.csv#F042; https://github.com/julian-passebecq/diagramcloud/blob/codex/project-intelligence-1-24/docs/release-1.24/RELEASE_CONTRACT.md
F043,Work/Verification Brief,1.24,MISSING,DEFER_1_24X,DEFERRED_NOT_IMPLEMENTED,C,Dedicated Work/Verification brief later; do not import agent execution/PM state in this release.,RELEASE_CONTRACT.md; CODEX_WORK.md,prepro/features.csv#F043; https://github.com/julian-passebecq/diagramcloud/blob/codex/project-intelligence-1-24/docs/release-1.24/RELEASE_CONTRACT.md
F044,IsoSVG profile,1.25,MISSING,DEFER_1_25,DEFERRED_NOT_IMPLEMENTED,DEFERRED,Retain this extension in the roadmap; not part of the 1.24 completion gate.,RELEASE_CONTRACT.md; CODEX_WORK.md,prepro/features.csv#F044; https://github.com/julian-passebecq/diagramcloud/blob/codex/project-intelligence-1-24/docs/release-1.24/RELEASE_CONTRACT.md
F045,Trace profile,1.25,MISSING,DEFER_1_25,DEFERRED_NOT_IMPLEMENTED,DEFERRED,Retain this extension in the roadmap; not part of the 1.24 completion gate.,RELEASE_CONTRACT.md; CODEX_WORK.md,prepro/features.csv#F045; https://github.com/julian-passebecq/diagramcloud/blob/codex/project-intelligence-1-24/docs/release-1.24/RELEASE_CONTRACT.md
F046,Mosaic external 3D,keep,SHIPPED_BRIDGE,PRESERVE_EXISTING,PRESERVE_BASELINE,D,Preserve existing behavior and qualify through the existing final CI; no rewrite.,RELEASE_CONTRACT.md; CODEX_WORK.md,prepro/features.csv#F046; https://github.com/julian-passebecq/diagramcloud/blob/codex/project-intelligence-1-24/docs/release-1.24/RELEASE_CONTRACT.md
F047,PublicationBrief v1,1.24,MISSING,SCOPED_1_24,NOT_DELIVERED_BY_CODE_LEAD,C,Simple audience/detail/selected-view options over existing story; a universal PublicationBrief schema is deferred.,RELEASE_CONTRACT.md; CODEX_WORK.md,prepro/features.csv#F047; https://github.com/julian-passebecq/diagramcloud/blob/codex/project-intelligence-1-24/docs/release-1.24/RELEASE_CONTRACT.md
F048,Fidelity ledger,1.24,MISSING,SCOPED_1_24,NOT_DELIVERED_BY_CODE_LEAD,C,Preserve current exporter loss reports and state unsupported/dropped content; no separate ledger service.,RELEASE_CONTRACT.md; CODEX_WORK.md,prepro/features.csv#F048; https://github.com/julian-passebecq/diagramcloud/blob/codex/project-intelligence-1-24/docs/release-1.24/RELEASE_CONTRACT.md
F049,Complexity budgets,1.24,MISSING,SCOPED_1_24,NOT_DELIVERED_BY_CODE_LEAD,A,"Select 4-7 useful views, honor existing document caps and smaller scope; no hard global nine-node rule.",RELEASE_CONTRACT.md; CODEX_WORK.md,prepro/features.csv#F049; https://github.com/julian-passebecq/diagramcloud/blob/codex/project-intelligence-1-24/docs/release-1.24/RELEASE_CONTRACT.md
F050,Geometric QA,keep,SHIPPED_STRONG,PRESERVE_EXISTING,PRESERVE_BASELINE,D,Preserve existing behavior and qualify through the existing final CI; no rewrite.,RELEASE_CONTRACT.md; CODEX_WORK.md,prepro/features.csv#F050; https://github.com/julian-passebecq/diagramcloud/blob/codex/project-intelligence-1-24/docs/release-1.24/RELEASE_CONTRACT.md
F051,Semantic visual QA,1.25,MISSING,DEFER_1_25,DEFERRED_NOT_IMPLEMENTED,DEFERRED,Retain this extension in the roadmap; not part of the 1.24 completion gate.,RELEASE_CONTRACT.md; CODEX_WORK.md,prepro/features.csv#F051; https://github.com/julian-passebecq/diagramcloud/blob/codex/project-intelligence-1-24/docs/release-1.24/RELEASE_CONTRACT.md
F052,Candidate comparison,1.25,MISSING,DEFER_1_25,DEFERRED_NOT_IMPLEMENTED,DEFERRED,Retain this extension in the roadmap; not part of the 1.24 completion gate.,RELEASE_CONTRACT.md; CODEX_WORK.md,prepro/features.csv#F052; https://github.com/julian-passebecq/diagramcloud/blob/codex/project-intelligence-1-24/docs/release-1.24/RELEASE_CONTRACT.md
F053,Existing AI guide/design brief/patch,keep,SHIPPED,PRESERVE_EXISTING,PRESERVE_BASELINE,D,Preserve existing behavior and qualify through the existing final CI; no rewrite.,RELEASE_CONTRACT.md; CODEX_WORK.md,prepro/features.csv#F053; https://github.com/julian-passebecq/diagramcloud/blob/codex/project-intelligence-1-24/docs/release-1.24/RELEASE_CONTRACT.md
F054,Thin MCP read/query,1.26,MISSING,DEFER_AGENTIC_OR_LATER,DEFERRED_NOT_IMPLEMENTED,DEFERRED,Retain this extension in the roadmap; not part of the 1.24 completion gate.,RELEASE_CONTRACT.md; CODEX_WORK.md,prepro/features.csv#F054; https://github.com/julian-passebecq/diagramcloud/blob/codex/project-intelligence-1-24/docs/release-1.24/RELEASE_CONTRACT.md
F055,Thin MCP render,1.26,MISSING,DEFER_AGENTIC_OR_LATER,DEFERRED_NOT_IMPLEMENTED,DEFERRED,Retain this extension in the roadmap; not part of the 1.24 completion gate.,RELEASE_CONTRACT.md; CODEX_WORK.md,prepro/features.csv#F055; https://github.com/julian-passebecq/diagramcloud/blob/codex/project-intelligence-1-24/docs/release-1.24/RELEASE_CONTRACT.md
F056,Thin MCP proposal,1.26,MISSING,DEFER_AGENTIC_OR_LATER,DEFERRED_NOT_IMPLEMENTED,DEFERRED,Retain this extension in the roadmap; not part of the 1.24 completion gate.,RELEASE_CONTRACT.md; CODEX_WORK.md,prepro/features.csv#F056; https://github.com/julian-passebecq/diagramcloud/blob/codex/project-intelligence-1-24/docs/release-1.24/RELEASE_CONTRACT.md
F057,VerificationSpec v1,1.26,MISSING,DEFER_AGENTIC_OR_LATER,DEFERRED_NOT_IMPLEMENTED,DEFERRED,Retain this extension in the roadmap; not part of the 1.24 completion gate.,RELEASE_CONTRACT.md; CODEX_WORK.md,prepro/features.csv#F057; https://github.com/julian-passebecq/diagramcloud/blob/codex/project-intelligence-1-24/docs/release-1.24/RELEASE_CONTRACT.md
F058,Verification receipt ingestion,1.26,PARTIAL_RECEIPT_PRIMITIVE,DEFER_AGENTIC_OR_LATER,DEFERRED_NOT_IMPLEMENTED,DEFERRED,Retain this extension in the roadmap; not part of the 1.24 completion gate.,RELEASE_CONTRACT.md; CODEX_WORK.md,prepro/features.csv#F058; https://github.com/julian-passebecq/diagramcloud/blob/codex/project-intelligence-1-24/docs/release-1.24/RELEASE_CONTRACT.md
F059,Impact query,1.26,MISSING,DEFER_AGENTIC_OR_LATER,DEFERRED_NOT_IMPLEMENTED,DEFERRED,Retain this extension in the roadmap; not part of the 1.24 completion gate.,RELEASE_CONTRACT.md; CODEX_WORK.md,prepro/features.csv#F059; https://github.com/julian-passebecq/diagramcloud/blob/codex/project-intelligence-1-24/docs/release-1.24/RELEASE_CONTRACT.md
F060,Test coverage gaps,1.26,MISSING,DEFER_AGENTIC_OR_LATER,DEFERRED_NOT_IMPLEMENTED,DEFERRED,Retain this extension in the roadmap; not part of the 1.24 completion gate.,RELEASE_CONTRACT.md; CODEX_WORK.md,prepro/features.csv#F060; https://github.com/julian-passebecq/diagramcloud/blob/codex/project-intelligence-1-24/docs/release-1.24/RELEASE_CONTRACT.md
F061,DataPass Hop link,later,PARTIAL_EXTERNAL,DEFER_AGENTIC_OR_LATER,DEFERRED_NOT_IMPLEMENTED,DEFERRED,Retain this extension in the roadmap; not part of the 1.24 completion gate.,RELEASE_CONTRACT.md; CODEX_WORK.md,prepro/features.csv#F061; https://github.com/julian-passebecq/diagramcloud/blob/codex/project-intelligence-1-24/docs/release-1.24/RELEASE_CONTRACT.md
F062,Lens pointers,keep,SHIPPED,PRESERVE_EXISTING,PRESERVE_BASELINE,D,Preserve existing behavior and qualify through the existing final CI; no rewrite.,RELEASE_CONTRACT.md; CODEX_WORK.md,prepro/features.csv#F062; https://github.com/julian-passebecq/diagramcloud/blob/codex/project-intelligence-1-24/docs/release-1.24/RELEASE_CONTRACT.md
F063,DataPass sidecar bridge,keep,SHIPPED,PRESERVE_EXISTING,PRESERVE_BASELINE,D,Preserve existing behavior and qualify through the existing final CI; no rewrite.,RELEASE_CONTRACT.md; CODEX_WORK.md,prepro/features.csv#F063; https://github.com/julian-passebecq/diagramcloud/blob/codex/project-intelligence-1-24/docs/release-1.24/RELEASE_CONTRACT.md
F064,ProjectBrief compiler,1.24,MISSING,REQUIRED_1_24,FOUNDATION_ONLY,B,Compiler and CLI committed; UI and safe update semantics still required.,RELEASE_CONTRACT.md; CODEX_WORK.md,prepro/features.csv#F064; https://github.com/julian-passebecq/diagramcloud/blob/codex/project-intelligence-1-24/docs/release-1.24/RELEASE_CONTRACT.md
F065,Repository learning path,1.24,MISSING,REQUIRED_1_24,NOT_DELIVERED_BY_CODE_LEAD,C,Use the ordered minimum outputs for progressive understanding; no separate educational product.,RELEASE_CONTRACT.md; CODEX_WORK.md,prepro/features.csv#F065; https://github.com/julian-passebecq/diagramcloud/blob/codex/project-intelligence-1-24/docs/release-1.24/RELEASE_CONTRACT.md
F066,Architecture/evidence audit preset,1.24,MISSING,REQUIRED_1_24,NOT_DELIVERED_BY_CODE_LEAD,C,Audit means source evidence/gaps now. Runtime verification explicitly unavailable without external receipts.,RELEASE_CONTRACT.md; CODEX_WORK.md,prepro/features.csv#F066; https://github.com/julian-passebecq/diagramcloud/blob/codex/project-intelligence-1-24/docs/release-1.24/RELEASE_CONTRACT.md
F067,Original project->task->workspace flow,keep,SHIPPED_STRONG,PRESERVE_EXISTING,PRESERVE_BASELINE,D,Preserve existing behavior and qualify through the existing final CI; no rewrite.,RELEASE_CONTRACT.md; CODEX_WORK.md,prepro/features.csv#F067; https://github.com/julian-passebecq/diagramcloud/blob/codex/project-intelligence-1-24/docs/release-1.24/RELEASE_CONTRACT.md
F068,Roadmap/readme truth cleanup,1.24,STALE_DOCS_FOUND,REQUIRED_1_24,NOT_DELIVERED_BY_CODE_LEAD,DEFERRED,Retain this extension in the roadmap; not part of the 1.24 completion gate.,RELEASE_CONTRACT.md; CODEX_WORK.md,prepro/features.csv#F068; https://github.com/julian-passebecq/diagramcloud/blob/codex/project-intelligence-1-24/docs/release-1.24/RELEASE_CONTRACT.md
F069,Analysis budgets,1.24,PARTIAL_SCANNER_LIMITS,REQUIRED_1_24,NOT_DELIVERED_BY_CODE_LEAD,DEFERRED,Retain this extension in the roadmap; not part of the 1.24 completion gate.,RELEASE_CONTRACT.md; CODEX_WORK.md,prepro/features.csv#F069; https://github.com/julian-passebecq/diagramcloud/blob/codex/project-intelligence-1-24/docs/release-1.24/RELEASE_CONTRACT.md
F070,Source safety/redaction,keep,SHIPPED_STRONG,PRESERVE_EXISTING,PRESERVE_BASELINE,D,Preserve existing behavior and qualify through the existing final CI; no rewrite.,RELEASE_CONTRACT.md; CODEX_WORK.md,prepro/features.csv#F070; https://github.com/julian-passebecq/diagramcloud/blob/codex/project-intelligence-1-24/docs/release-1.24/RELEASE_CONTRACT.md
F071,Structurizr/LikeC4 export/import review,later,RESEARCHED_PARTIAL,DEFER_AGENTIC_OR_LATER,DEFERRED_NOT_IMPLEMENTED,DEFERRED,Retain this extension in the roadmap; not part of the 1.24 completion gate.,RELEASE_CONTRACT.md; CODEX_WORK.md,prepro/features.csv#F071; https://github.com/julian-passebecq/diagramcloud/blob/codex/project-intelligence-1-24/docs/release-1.24/RELEASE_CONTRACT.md
F072,Layout engine abstraction,later,PARTIAL,DEFER_AGENTIC_OR_LATER,DEFERRED_NOT_IMPLEMENTED,DEFERRED,Retain this extension in the roadmap; not part of the 1.24 completion gate.,RELEASE_CONTRACT.md; CODEX_WORK.md,prepro/features.csv#F072; https://github.com/julian-passebecq/diagramcloud/blob/codex/project-intelligence-1-24/docs/release-1.24/RELEASE_CONTRACT.md
F073,Reference Architecture Cookbook,1.24,PARTIAL_SAMPLES,SCOPED_1_24,NOT_DELIVERED_BY_CODE_LEAD,A,"Reuse existing sample recipes. Versioned external pattern research is future scope, not shipped architecture claims.",RELEASE_CONTRACT.md; CODEX_WORK.md,prepro/features.csv#F073; https://github.com/julian-passebecq/diagramcloud/blob/codex/project-intelligence-1-24/docs/release-1.24/RELEASE_CONTRACT.md
F074,Snapshot header and revision vector,DESIGN_HOOK_1_24,PARTIAL_ATLAS_REVISIONS,SCOPED_1_24,NOT_DELIVERED_BY_CODE_LEAD,A,Source vector + digest/scope/version metadata now; do not build a continuous evolution store.,RELEASE_CONTRACT.md; CODEX_WORK.md,prepro/features.csv#F074; https://github.com/julian-passebecq/diagramcloud/blob/codex/project-intelligence-1-24/docs/release-1.24/RELEASE_CONTRACT.md
F075,Semantic delta matching,1.25,PARTIAL_ARCHITECTURE_DELTA,DEFER_1_25,DEFERRED_NOT_IMPLEMENTED,DEFERRED,Retain this extension in the roadmap; not part of the 1.24 completion gate.,RELEASE_CONTRACT.md; CODEX_WORK.md,prepro/features.csv#F075; https://github.com/julian-passebecq/diagramcloud/blob/codex/project-intelligence-1-24/docs/release-1.24/RELEASE_CONTRACT.md
F076,Project Evolution recipes,1.25,MISSING,DEFER_1_25,DEFERRED_NOT_IMPLEMENTED,DEFERRED,Retain this extension in the roadmap; not part of the 1.24 completion gate.,RELEASE_CONTRACT.md; CODEX_WORK.md,prepro/features.csv#F076; https://github.com/julian-passebecq/diagramcloud/blob/codex/project-intelligence-1-24/docs/release-1.24/RELEASE_CONTRACT.md
F077,Verification and confidence evolution,1.26,MISSING,DEFER_AGENTIC_OR_LATER,DEFERRED_NOT_IMPLEMENTED,DEFERRED,Retain this extension in the roadmap; not part of the 1.24 completion gate.,RELEASE_CONTRACT.md; CODEX_WORK.md,prepro/features.csv#F077; https://github.com/julian-passebecq/diagramcloud/blob/codex/project-intelligence-1-24/docs/release-1.24/RELEASE_CONTRACT.md
F078,Current-transition-target migration map,1.25,PARTIAL_ARCHITECTURE_DELTA,DEFER_1_25,DEFERRED_NOT_IMPLEMENTED,DEFERRED,Retain this extension in the roadmap; not part of the 1.24 completion gate.,RELEASE_CONTRACT.md; CODEX_WORK.md,prepro/features.csv#F078; https://github.com/julian-passebecq/diagramcloud/blob/codex/project-intelligence-1-24/docs/release-1.24/RELEASE_CONTRACT.md
F079,Environment analysis identity,DESIGN_HOOK_1_24,PARTIAL_STATIC_DEPLOYMENT,SCOPED_1_24,NOT_DELIVERED_BY_CODE_LEAD,B,Environment IDs declared in brief now; no live-instance/promotion semantics forced into ProjectNode.,RELEASE_CONTRACT.md; CODEX_WORK.md,prepro/features.csv#F079; https://github.com/julian-passebecq/diagramcloud/blob/codex/project-intelligence-1-24/docs/release-1.24/RELEASE_CONTRACT.md
F080,Deployment instance facts,1.24.x,MISSING,DEFER_1_25,DEFERRED_NOT_IMPLEMENTED,DEFERRED,Retain this extension in the roadmap; not part of the 1.24 completion gate.,RELEASE_CONTRACT.md; CODEX_WORK.md,prepro/features.csv#F080; https://github.com/julian-passebecq/diagramcloud/blob/codex/project-intelligence-1-24/docs/release-1.24/RELEASE_CONTRACT.md
F081,Build artifact and release chain,1.25,PARTIAL_CI,DEFER_1_25,DEFERRED_NOT_IMPLEMENTED,DEFERRED,Retain this extension in the roadmap; not part of the 1.24 completion gate.,RELEASE_CONTRACT.md; CODEX_WORK.md,prepro/features.csv#F081; https://github.com/julian-passebecq/diagramcloud/blob/codex/project-intelligence-1-24/docs/release-1.24/RELEASE_CONTRACT.md
F082,Promotion topology and gates,1.25,MISSING,DEFER_1_25,DEFERRED_NOT_IMPLEMENTED,DEFERRED,Retain this extension in the roadmap; not part of the 1.24 completion gate.,RELEASE_CONTRACT.md; CODEX_WORK.md,prepro/features.csv#F082; https://github.com/julian-passebecq/diagramcloud/blob/codex/project-intelligence-1-24/docs/release-1.24/RELEASE_CONTRACT.md
F083,Environment matrix,1.24.x,MISSING,DEFER_1_24X,DEFERRED_NOT_IMPLEMENTED,DEFERRED,Retain this extension in the roadmap; not part of the 1.24 completion gate.,RELEASE_CONTRACT.md; CODEX_WORK.md,prepro/features.csv#F083; https://github.com/julian-passebecq/diagramcloud/blob/codex/project-intelligence-1-24/docs/release-1.24/RELEASE_CONTRACT.md
F084,Environment drift comparison,1.26,MISSING,DEFER_AGENTIC_OR_LATER,DEFERRED_NOT_IMPLEMENTED,DEFERRED,Retain this extension in the roadmap; not part of the 1.24 completion gate.,RELEASE_CONTRACT.md; CODEX_WORK.md,prepro/features.csv#F084; https://github.com/julian-passebecq/diagramcloud/blob/codex/project-intelligence-1-24/docs/release-1.24/RELEASE_CONTRACT.md
F085,Feature flags and nonsecret config views,1.26,MISSING,DEFER_1_25,DEFERRED_NOT_IMPLEMENTED,DEFERRED,Retain this extension in the roadmap; not part of the 1.24 completion gate.,RELEASE_CONTRACT.md; CODEX_WORK.md,prepro/features.csv#F085; https://github.com/julian-passebecq/diagramcloud/blob/codex/project-intelligence-1-24/docs/release-1.24/RELEASE_CONTRACT.md
F086,"Region, tenancy, residency and DR facets",DESIGN_HOOK_1_24,MISSING,SCOPED_1_24,NOT_DELIVERED_BY_CODE_LEAD,B,Document provider scope/tenancy/DR extension seam only. No 80-option node schema.,RELEASE_CONTRACT.md; CODEX_WORK.md,prepro/features.csv#F086; https://github.com/julian-passebecq/diagramcloud/blob/codex/project-intelligence-1-24/docs/release-1.24/RELEASE_CONTRACT.md
F087,User analysis profile preset,1.24,MISSING,REQUIRED_1_24,NOT_DELIVERED_BY_CODE_LEAD,C,"Source/purpose/Quick-or-Standard preset; apply visibly, no inert control.",RELEASE_CONTRACT.md; CODEX_WORK.md,prepro/features.csv#F087; https://github.com/julian-passebecq/diagramcloud/blob/codex/project-intelligence-1-24/docs/release-1.24/RELEASE_CONTRACT.md
F088,Contextual view availability,1.24,MISSING,REQUIRED_1_24,NOT_DELIVERED_BY_CODE_LEAD,C,Existing/summary/empty-state with reason; separate unavailable evidence from poor diagram geometry.,RELEASE_CONTRACT.md; CODEX_WORK.md,prepro/features.csv#F088; https://github.com/julian-passebecq/diagramcloud/blob/codex/project-intelligence-1-24/docs/release-1.24/RELEASE_CONTRACT.md
F089,Advanced parameter panel,1.24.x,MISSING,DEFER_1_24X,DEFERRED_NOT_IMPLEMENTED,DEFERRED,Retain this extension in the roadmap; not part of the 1.24 completion gate.,RELEASE_CONTRACT.md; CODEX_WORK.md,prepro/features.csv#F089; https://github.com/julian-passebecq/diagramcloud/blob/codex/project-intelligence-1-24/docs/release-1.24/RELEASE_CONTRACT.md
F090,Navigation combined lens,1.24.x,MISSING,DEFER_1_24X,DEFERRED_NOT_IMPLEMENTED,DEFERRED,Retain this extension in the roadmap; not part of the 1.24 completion gate.,RELEASE_CONTRACT.md; CODEX_WORK.md,prepro/features.csv#F090; https://github.com/julian-passebecq/diagramcloud/blob/codex/project-intelligence-1-24/docs/release-1.24/RELEASE_CONTRACT.md
F091,Pattern library classifier,1.25,PARTIAL_SAMPLES,DEFER_1_25,DEFERRED_NOT_IMPLEMENTED,DEFERRED,Retain this extension in the roadmap; not part of the 1.24 completion gate.,RELEASE_CONTRACT.md; CODEX_WORK.md,prepro/features.csv#F091; https://github.com/julian-passebecq/diagramcloud/blob/codex/project-intelligence-1-24/docs/release-1.24/RELEASE_CONTRACT.md
F092,Architecture pattern catalog,1.24.x,PARTIAL_SAMPLES,DEFER_1_24X,DEFERRED_NOT_IMPLEMENTED,DEFERRED,Retain this extension in the roadmap; not part of the 1.24 completion gate.,RELEASE_CONTRACT.md; CODEX_WORK.md,prepro/features.csv#F092; https://github.com/julian-passebecq/diagramcloud/blob/codex/project-intelligence-1-24/docs/release-1.24/RELEASE_CONTRACT.md
F093,Synthetic client zoo baseline,1.24,PARTIAL_TEST_FIXTURES,SCOPED_1_24,NOT_DELIVERED_BY_CODE_LEAD,D,Small targeted synthetic roots in current repo; no new zoo repo or 25 enterprise apps.,RELEASE_CONTRACT.md; CODEX_WORK.md,prepro/features.csv#F093; https://github.com/julian-passebecq/diagramcloud/blob/codex/project-intelligence-1-24/docs/release-1.24/RELEASE_CONTRACT.md
F094,Negative fixture assertions,1.24,MISSING,REQUIRED_1_24,NOT_DELIVERED_BY_CODE_LEAD,D,"Focused negative tests for changed boundaries, not a giant Cartesian test matrix.",RELEASE_CONTRACT.md; CODEX_WORK.md,prepro/features.csv#F094; https://github.com/julian-passebecq/diagramcloud/blob/codex/project-intelligence-1-24/docs/release-1.24/RELEASE_CONTRACT.md
F095,Temporary Git history factory,1.24.x,MISSING,DEFER_1_25,DEFERRED_NOT_IMPLEMENTED,D,Temporary deterministic git repos only when actual history/submodule behavior is implemented; no embedded .git.,RELEASE_CONTRACT.md; CODEX_WORK.md,prepro/features.csv#F095; https://github.com/julian-passebecq/diagramcloud/blob/codex/project-intelligence-1-24/docs/release-1.24/RELEASE_CONTRACT.md
F096,Truth manifests and oracle,1.24,MISSING,REQUIRED_1_24,NOT_DELIVERED_BY_CODE_LEAD,D,"Expected facts outside scanned roots, use direct assertions; no new oracle framework.",RELEASE_CONTRACT.md; CODEX_WORK.md,prepro/features.csv#F096; https://github.com/julian-passebecq/diagramcloud/blob/codex/project-intelligence-1-24/docs/release-1.24/RELEASE_CONTRACT.md
F097,Real read-only qualification stage,1.24,PARTIAL_REAL_ATLAS,SCOPED_1_24,NOT_DELIVERED_BY_CODE_LEAD,D,One useful read-only smoke where accessible; lack of unrelated private access does not block standalone release.,RELEASE_CONTRACT.md; CODEX_WORK.md,prepro/features.csv#F097; https://github.com/julian-passebecq/diagramcloud/blob/codex/project-intelligence-1-24/docs/release-1.24/RELEASE_CONTRACT.md
F098,Generic Core icon catalog,1.24.x,PARTIAL_GENERIC_AND_FABRIC,DEFER_1_24X,DEFERRED_NOT_IMPLEMENTED,C,"Existing generic+Fabric catalogue retained; named generic extensions later, not bulk unreviewed vendor imports.",RELEASE_CONTRACT.md; CODEX_WORK.md,prepro/features.csv#F098; https://github.com/julian-passebecq/diagramcloud/blob/codex/project-intelligence-1-24/docs/release-1.24/RELEASE_CONTRACT.md
F099,Asset requirement derivation,1.24.x,MISSING,REQUIRED_1_24,FOUNDATION_ONLY,C,Asset plan/checklist now committed and promoted to mandatory 1.24; no missing asset blocks factual output.,RELEASE_CONTRACT.md; CODEX_WORK.md,prepro/features.csv#F099; https://github.com/julian-passebecq/diagramcloud/blob/codex/project-intelligence-1-24/docs/release-1.24/RELEASE_CONTRACT.md
F100,Optional Cloudflare R2 source,1.25,NO_ADAPTER_BUCKET_EXISTS,DEFER_1_25,DEFERRED_NOT_IMPLEMENTED,C,Existing private bucket is only an earlier infrastructure receipt. No R2 changes or SDK now.,RELEASE_CONTRACT.md; CODEX_WORK.md,prepro/features.csv#F100; https://github.com/julian-passebecq/diagramcloud/blob/codex/project-intelligence-1-24/docs/release-1.24/RELEASE_CONTRACT.md
F101,Project-specific custom icon reference,1.25,MISSING,DEFER_1_25,DEFERRED_NOT_IMPLEMENTED,C,Versioned IconRef evolution later; preserve existing registry ID compatibility.,RELEASE_CONTRACT.md; CODEX_WORK.md,prepro/features.csv#F101; https://github.com/julian-passebecq/diagramcloud/blob/codex/project-intelligence-1-24/docs/release-1.24/RELEASE_CONTRACT.md
F102,External image provider adapter,1.25,MISSING,DEFER_1_25,DEFERRED_NOT_IMPLEMENTED,C,External image generation only for optional custom assets later; never generate a whole authoritative diagram.,RELEASE_CONTRACT.md; CODEX_WORK.md,prepro/features.csv#F102; https://github.com/julian-passebecq/diagramcloud/blob/codex/project-intelligence-1-24/docs/release-1.24/RELEASE_CONTRACT.md
F103,"Submodules, subtrees, worktrees metadata",1.25,PARTIAL_IGNORES_NESTED,DEFER_1_25,DEFERRED_NOT_IMPLEMENTED,DEFERRED,Retain this extension in the roadmap; not part of the 1.24 completion gate.,RELEASE_CONTRACT.md; CODEX_WORK.md,prepro/features.csv#F103; https://github.com/julian-passebecq/diagramcloud/blob/codex/project-intelligence-1-24/docs/release-1.24/RELEASE_CONTRACT.md
F104,Authored/generated/vendor noise partition,1.24.x,PARTIAL_IGNORES_VENDOR,DEFER_1_24X,DEFERRED_NOT_IMPLEMENTED,A,Preserve current ignored dirs now. Full authored/generated/vendor classifier later.,RELEASE_CONTRACT.md; CODEX_WORK.md,prepro/features.csv#F104; https://github.com/julian-passebecq/diagramcloud/blob/codex/project-intelligence-1-24/docs/release-1.24/RELEASE_CONTRACT.md
F105,Secret-safe source inventory,1.24,SHIPPED_PARTIAL,REQUIRED_1_24,NOT_DELIVERED_BY_CODE_LEAD,A,"Metadata-first safe path/count/byte limits, authorized roots, no implicit nested-repo or symlink traversal.",RELEASE_CONTRACT.md; CODEX_WORK.md,prepro/features.csv#F105; https://github.com/julian-passebecq/diagramcloud/blob/codex/project-intelligence-1-24/docs/release-1.24/RELEASE_CONTRACT.md
F106,No AI offline qualification,1.24,PARTIAL_SCANNER_ONLY,REQUIRED_1_24,NOT_DELIVERED_BY_CODE_LEAD,D,"No-model/offline journey required; one exact-head CI, not full retests after every file.",RELEASE_CONTRACT.md; CODEX_WORK.md,prepro/features.csv#F106; https://github.com/julian-passebecq/diagramcloud/blob/codex/project-intelligence-1-24/docs/release-1.24/RELEASE_CONTRACT.md
F107,Publication and read-permission matrix,1.24,SHIPPED_PARTIAL,REQUIRED_1_24,NOT_DELIVERED_BY_CODE_LEAD,D,Publication filter before graph/count/text/context/asset export. Preserve private authoring vs public output distinction.,RELEASE_CONTRACT.md; CODEX_WORK.md,prepro/features.csv#F107; https://github.com/julian-passebecq/diagramcloud/blob/codex/project-intelligence-1-24/docs/release-1.24/RELEASE_CONTRACT.md
F108,Cancelable bounded analysis workers,1.24.x,MISSING,DEFER_1_24X,DEFERRED_NOT_IMPLEMENTED,A,Cancellation/last-good-state safety required if asynchronous reader; worker/cache framework only if measured need.,RELEASE_CONTRACT.md; CODEX_WORK.md,prepro/features.csv#F108; https://github.com/julian-passebecq/diagramcloud/blob/codex/project-intelligence-1-24/docs/release-1.24/RELEASE_CONTRACT.md
F109,Environment and promotion visual profiles,1.25,MISSING,DEFER_1_25,DEFERRED_NOT_IMPLEMENTED,DEFERRED,Retain this extension in the roadmap; not part of the 1.24 completion gate.,RELEASE_CONTRACT.md; CODEX_WORK.md,prepro/features.csv#F109; https://github.com/julian-passebecq/diagramcloud/blob/codex/project-intelligence-1-24/docs/release-1.24/RELEASE_CONTRACT.md
F110,Evolution navigation and diff rail,1.25,MISSING,DEFER_1_25,DEFERRED_NOT_IMPLEMENTED,DEFERRED,Retain this extension in the roadmap; not part of the 1.24 completion gate.,RELEASE_CONTRACT.md; CODEX_WORK.md,prepro/features.csv#F110; https://github.com/julian-passebecq/diagramcloud/blob/codex/project-intelligence-1-24/docs/release-1.24/RELEASE_CONTRACT.md
F111,Source-backed project handbook/library,1.25,PARTIAL_FIGURE_BOOK,DEFER_1_25,DEFERRED_NOT_IMPLEMENTED,DEFERRED,Retain this extension in the roadmap; not part of the 1.24 completion gate.,RELEASE_CONTRACT.md; CODEX_WORK.md,prepro/features.csv#F111; https://github.com/julian-passebecq/diagramcloud/blob/codex/project-intelligence-1-24/docs/release-1.24/RELEASE_CONTRACT.md
F112,Observed cockpit snapshot adapter,1.26,MISSING,DEFER_AGENTIC_OR_LATER,DEFERRED_NOT_IMPLEMENTED,DEFERRED,Retain this extension in the roadmap; not part of the 1.24 completion gate.,RELEASE_CONTRACT.md; CODEX_WORK.md,prepro/features.csv#F112; https://github.com/julian-passebecq/diagramcloud/blob/codex/project-intelligence-1-24/docs/release-1.24/RELEASE_CONTRACT.md
F113,Optional observability source links,1.26,MISSING,DEFER_AGENTIC_OR_LATER,DEFERRED_NOT_IMPLEMENTED,DEFERRED,Retain this extension in the roadmap; not part of the 1.24 completion gate.,RELEASE_CONTRACT.md; CODEX_WORK.md,prepro/features.csv#F113; https://github.com/julian-passebecq/diagramcloud/blob/codex/project-intelligence-1-24/docs/release-1.24/RELEASE_CONTRACT.md
F114,Trust/IAM boundary view hooks,1.25,MISSING,DEFER_1_25,DEFERRED_NOT_IMPLEMENTED,DEFERRED,Retain this extension in the roadmap; not part of the 1.24 completion gate.,RELEASE_CONTRACT.md; CODEX_WORK.md,prepro/features.csv#F114; https://github.com/julian-passebecq/diagramcloud/blob/codex/project-intelligence-1-24/docs/release-1.24/RELEASE_CONTRACT.md
F115,Compatibility and migration gates,1.24,SHIPPED_PARTIAL_TESTS,REQUIRED_1_24,NOT_DELIVERED_BY_CODE_LEAD,D,Keep Project v1 and old save/sidecar/export paths; new source proposals must not destroy manual content.,RELEASE_CONTRACT.md; CODEX_WORK.md,prepro/features.csv#F115; https://github.com/julian-passebecq/diagramcloud/blob/codex/project-intelligence-1-24/docs/release-1.24/RELEASE_CONTRACT.md
